id,title,genres,rating,year,runtime,director,cast,plot,keywords,popularity,img,trailer_url
2,"The Dark Knight","Action, Crime, Drama",9.0,2008,152,"Christopher Nolan","Christian Bale, Heath Ledger, Aaron Eckhart","Batman faces the Joker, a criminal mastermind.","superhero, crime, chaos, batman",9.7,"https://i.ebayimg.com/images/g/1pkAAOSw6N9kUY3n/s-l400.jpg","https://www.youtube.com/embed/EXeTwQWrcwY"
3,"Interstellar","Adventure, Drama, Sci-Fi",8.6,2014,169,"Christopher Nolan","Matthew McConaughey, Anne Hathaway, Jessica Chastain","A team of explorers travel through a wormhole in space.","space, time, wormhole, survival",9.2,"https://m.media-amazon.com/images/I/71ljC3i-8uL.jpg","https://www.youtube.com/embed/0vXwW4s_0HU"
4,"The Godfather","Crime, Drama",9.2,1972,175,"Francis Ford Coppola","Marlon Brando, Al Pacino, James Caan","The aging patriarch of an organized crime dynasty.","mafia, family, crime, power",9.4,"https://cdn.posteritati.com/posters/000/000/002/830/the-godfather-md-web.jpg","https://www.youtube.com/embed/sY1S34973d4"
5,"Pulp Fiction","Crime, Drama",8.9,1994,154,"Quentin Tarantino","John Travolta, Uma Thurman, Samuel L. Jackson","The lives of two mob hitmen, a boxer, and a pair of diner bandits.","crime, nonlinear, violence, dark comedy",9.1,"https://filmartgallery.com/cdn/shop/products/Pulp-Fiction-Vintage-Movie-Poster-Original_0cfd20d7.jpg?v=1741682389","https://www.youtube.com/embed/s7EdQ4FqSTM"
6,"The Shawshank Redemption","Drama",9.3,1994,142,"Frank Darabont","Tim Robbins, Morgan Freeman, Bob Gunton","Two imprisoned men bond over a number of years.","prison, hope, friendship, redemption",9.6,"https://cdn11.bigcommerce.com/s-yzgoj/images/stencil/1280x1280/products/2883884/5951037/MOVCG5512__61058.1679595874.jpg?c=2","https://www.youtube.com/embed/NmzuHjWmXOc"
7,"Forrest Gump","Drama, Romance",8.8,1994,142,"Robert Zemeckis","Tom Hanks, Robin Wright, Gary Sinise","The presidencies of Kennedy and Johnson, Vietnam, Watergate.","life, love, war, historical",9.0,"https://cdn.posteritati.com/posters/000/000/001/229/forrest-gump-md-web.jpg","https://www.youtube.com/embed/cuFyt3jqFiQ"
8,"The Matrix","Action, Sci-Fi",8.7,1999,136,"Lana & Lilly Wachowski","Keanu Reeves, Laurence Fishburne, Carrie-Anne Moss","A computer hacker learns about the true nature of his reality.","virtual reality, simulation, chosen one, action",9.3,"https://www.originalfilmart.com/cdn/shop/files/matrix_1999_subway_original_film_art_27cc7c04-9844-4cc3-93ae-999e742af191_5000x.webp?v=1749492618","https://www.youtube.com/embed/vKQi3bBA1y8"
9,"Gladiator","Action, Drama, Adventure",8.5,2000,155,"Ridley Scott","Russell Crowe, Joaquin Phoenix, Connie Nielsen","A former Roman General sets out to exact vengeance.","rome, revenge, emperor, colosseum",8.9,"https://i.ebayimg.com/images/g/OLAAAOSw-htbPPgw/s-l1200.jpg","https://www.youtube.com/embed/owK1qxDselE"
10,"The Avengers","Action, Adventure, Sci-Fi",8.0,2012,143,"Joss Whedon","Robert Downey Jr., Chris Evans, Scarlett Johansson","Earth's mightiest heroes must come together.","superhero, team, marvel, action",8.8,"https://i.ebayimg.com/images/g/9TYAAOSwQRRlUPad/s-l400.jpg","https://www.youtube.com/embed/eOrNdBpzqmU"
11,"La La Land","Comedy, Drama, Music",8.0,2016,128,"Damien Chazelle","Ryan Gosling, Emma Stone, John Legend","While navigating their careers in Los Angeles, a pianist and an actress fall in love.","music, romance, hollywood, jazz",8.2,"https://i.etsystatic.com/40447885/r/il/b1556b/4789179976/il_fullxfull.4789179976_np4m.jpg","https://www.youtube.com/embed/wisLvWYzS6c"
12,"Parasite","Comedy, Drama, Thriller",8.6,2019,132,"Bong Joon Ho","Song Kang-ho, Lee Sun-kyun, Cho Yeo-jeong","Greed and class discrimination threaten the newly formed symbiotic relationship.","class, family, thriller, dark comedy",8.7,"https://assets.mubicdn.net/images/notebook/post_images/29882/images-w1400.jpg?1579663202","https://www.youtube.com/embed/isKqnLlUnws"
13,"Joker","Crime, Drama, Thriller",8.4,2019,122,"Todd Phillips","Joaquin Phoenix, Robert De Niro, Zazie Beetz","A mentally troubled comedian is disregarded by society.","mental illness, crime, origin story, dc",8.6,"https://i.ebayimg.com/images/g/8kMAAOSw6xJm2Rp6/s-l400.jpg","https://www.youtube.com/embed/zAGVQLHvwOY"
14,"Spirited Away","Animation, Adventure, Family",8.6,2001,125,"Hayao Miyazaki","Rumi Hiiragi, Miyu Irino, Mari Natsuki","During her family's move to the suburbs, a sullen 10-year-old girl wanders into a world ruled by gods.","anime, fantasy, spirits, adventure",8.5,"https://cdn.posteritati.com/posters/000/000/072/042/spirited-away-sm-web.jpg","https://www.youtube.com/embed/ByXuk9QAKv8"
15,"Your Name","Animation, Drama, Fantasy",8.4,2016,106,"Makoto Shinkai","Ryunosuke Kamiki, Mone Kamishiraishi, Ryo Narita","Two strangers find themselves linked in a bizarre way.","anime, romance, body swap, fantasy",8.3,"https://flicksandbricks.wordpress.com/wp-content/uploads/2017/06/screen-shot-2016-11-27-at-1-42-50-pm.png","https://www.youtube.com/embed/k9oiImsYFAU"
16,"Avengers: Endgame","Action, Adventure, Drama",8.4,2019,181,"Anthony & Joe Russo","Robert Downey Jr., Chris Evans, Mark Ruffalo","After the devastating events of Avengers: Infinity War, the universe is in ruins.","superhero, time travel, marvel, action",9.0,"https://m.media-amazon.com/images/I/91y7vhbvO6S._AC_UF1000,1000_QL80_.jpg","https://www.youtube.com/embed/TcMBFSGVi1c"
17,"Inception","Action, Sci-Fi, Thriller",8.8,2010,148,"Christopher Nolan","Leonardo DiCaprio, Marion Cotillard, Ellen Page","A thief who steals corporate secrets through dream-sharing technology.","dreams, heist, sci-fi, mind-bending",8.9,"https://m.media-amazon.com/images/I/71ow1HBPd6L.jpg","https://www.youtube.com/embed/8ZcmTl_1oDo"
18,"The Lion King","Animation, Adventure, Family",8.5,1994,88,"Roger Allers, Rob Minkoff","Matthew Broderick, James Earl Jones, Jeremy Irons","A lion prince flees his kingdom and returns to his home when his father is killed.","lion, africa, revenge, family",8.7,"https://m.media-amazon.com/images/I/71OX5EJaJBL.jpg","https://www.youtube.com/embed/7TavVZMewpY"
19,"Titanic","Drama, Romance",7.8,1997,194,"James Cameron","Leonardo DiCaprio, Kate Winslet, Billy Zane","Two members of different social classes fall in love aboard the ill-fated ship.","ship, love, tragedy, historical",7.9,"https://m.media-amazon.com/images/I/51EGpWcclaL.jpg","https://www.youtube.com/embed/zqt1ScY3CFQ"
20,"Jurassic Park","Action, Adventure, Sci-Fi",8.2,1993,127,"Steven Spielberg","Sam Neill, Laura Dern, Jeff Goldblum","A pragmatic paleontologist tours an almost complete theme park with his family.","dinosaurs, adventure, thriller",8.4,"https://m.media-amazon.com/images/I/61EzplO2lyL.jpg","https://www.youtube.com/embed/n9eYc6W0im0"
21,"Back to the Future","Comedy, Sci-Fi",8.5,1985,116,"Robert Zemeckis","Michael J. Fox, Christopher Lloyd, Lea Thompson","A teenager is accidentally sent back in time and must ensure his parents fall in love.","time travel, comedy, adventure",8.6,"https://m.media-amazon.com/images/I/81U40wAjJ8L.jpg","https://www.youtube.com/embed/qvzE64A28NE"
22,"The Silence of the Lambs","Crime, Drama, Thriller",8.6,1991,118,"Jonathan Demme","Jodie Foster, Anthony Hopkins, Scott Glenn","A young FBI cadet seeks the aid of an incarcerated cannibal killer.","thriller, crime, suspense",8.8,"https://m.media-amazon.com/images/I/51N5zIIRiQL.jpg","https://www.youtube.com/embed/W6VEQOiMxCE"
23,"Goodfellas","Crime, Drama",8.7,1990,146,"Martin Scorsese","Robert De Niro, Ray Liotta, Joe Pesci","The story of Henry Hill and his life in the mob.","organized crime, mafia, drama",8.9,"https://m.media-amazon.com/images/I/71wG0wvgqJL.jpg","https://www.youtube.com/embed/qo5X99CWJqU"
24,"Dune","Action, Adventure, Drama",8.0,2021,166,"Denis Villeneuve","Timothée Chalamet, Rebecca Ferguson, Austin Butler","A young man travels to the dangerous planet Arrakis to ensure the future of his family.","sci-fi, epic, desert, prophecy",8.3,"https://m.media-amazon.com/images/I/71p7qj4uRJL.jpg","https://www.youtube.com/embed/n9xhJsAgZFM"
25,"The Departed","Crime, Drama, Thriller",8.5,2006,151,"Martin Scorsese","Leonardo DiCaprio, Matt Damon, Jack Nicholson","An undercover cop and a mole in the police attempt to identify each other.","crime, undercover, Boston, thriller",8.7,"https://m.media-amazon.com/images/I/51I5iCMNWML.jpg","https://www.youtube.com/embed/SGWvwjZ0eDc"
26,"The Green Mile","Crime, Drama, Fantasy",8.6,1999,189,"Frank Darabont","Tom Hanks, Michael Clarke Duncan, David Morse","The lives of guards on Death Row are affected by one of their charges.","death row, miracle, drama",8.8,"https://m.media-amazon.com/images/I/7194FLhRYzL.jpg","https://www.youtube.com/embed/Ki4haObEKMI"
27,"Se7en","Crime, Drama, Mystery",8.6,1995,127,"David Fincher","Brad Pitt, Morgan Freeman, Kevin Spacey","Two detectives hunt a serial killer who uses the seven deadly sins.","serial killer, thriller, dark",8.8,"https://m.media-amazon.com/images/I/519V0bVXhEY.jpg","https://www.youtube.com/embed/EL-VVyråHEY"
28,"The Usual Suspects","Crime, Drama, Mystery",8.5,1995,106,"Bryan Singer","Gabriel Byrne, Benicio Del Toro, Kevin Spacey","A small gang of criminals are conned into taking on a job.","crime, mystery, suspense",8.8,"https://m.media-amazon.com/images/I/41yQ9k2AzJL.jpg","https://www.youtube.com/embed/HhWpxVXgK0E"
29,"Saving Private Ryan","Drama, War",8.6,1998,169,"Steven Spielberg","Tom Hanks, Matt Damon, Tom Sizemore","Following D-Day invasion, soldiers attempt to find and bring home Private James Ryan.","world war ii, invasion, drama",8.7,"https://m.media-amazon.com/images/I/51U2Ty7i1DL.jpg","https://www.youtube.com/embed/9gdQALXbHAc"
30,"The Social Network","Biography, Drama",7.7,2010,120,"David Fincher","Jesse Eisenberg, Andrew Garfield, Justin Timberlake","The founding of Facebook and the subsequent backlash experienced by its creator.","facebook, drama, technology",8.0,"https://m.media-amazon.com/images/I/51lmM0Aq9BL.jpg","https://www.youtube.com/embed/lB95KLmpLR4"
31,"The Wolf of Wall Street","Biography, Comedy, Drama",8.2,2013,180,"Martin Scorsese","Leonardo DiCaprio, Jonah Hill, Margot Robbie","A stockbroker's life unfolds through his rise and fall on Wall Street.","finance, crime, excess, drama",8.5,"https://m.media-amazon.com/images/I/51hxKMI1F9L.jpg","https://www.youtube.com/embed/iszwuX1AXGc"
32,"Catch Me If You Can","Crime, Drama",8.1,2002,141,"Steven Spielberg","Leonardo DiCaprio, Tom Hanks, Christopher Walken","A con artist and the FBI agent pursuing him engage in a battle of wits.","fraud, con artist, fbi",8.3,"https://m.media-amazon.com/images/I/51UdqCEHrxL.jpg","https://www.youtube.com/embed/o3HMymSQa0A"
33,"The Prestige","Drama, Mystery, Sci-Fi",8.5,2006,130,"Christopher Nolan","Christian Bale, Hugh Jackman, Michael Caine","After a tragedy, two illusionists engage in battle for supremacy.","magic, illusionist, revenge",8.8,"https://m.media-amazon.com/images/I/51bO5PzV2xL.jpg","https://www.youtube.com/embed/ELq7F2QRA4s"
34,"Fight Club","Drama",8.8,1999,139,"David Fincher","Brad Pitt, Edward Norton, Helena Bonham Carter","An insomniac office worker and a devil-may-care soap maker form an underground fight club.","fight, underground, rebellion",8.9,"https://m.media-amazon.com/images/I/515qNrSefML.jpg","https://www.youtube.com/embed/nnzsQvzyhH8"
35,"Oppenheimer","Biography, Drama, History",8.4,2023,180,"Christopher Nolan","Cillian Murphy, Emily Blunt, Matt Damon","The story of J. Robert Oppenheimer and his role in developing the atomic bomb.","atomic bomb, history, science",8.6,"https://m.media-amazon.com/images/I/71M_dThQvKL.jpg","https://www.youtube.com/embed/uYPbbksJxIg"
36,"3 Idiots","Comedy, Drama",8.4,2009,170,"Rajkumar Hirani","Aamir Khan, R. Madhavan, Sharman Joshi","Three friends' college days are narrated by their friend-turned-CEO.","college, friendship, comedy",8.7,"https://m.media-amazon.com/images/I/81xn3PkBm0L.jpg","https://www.youtube.com/embed/QQ45isj6z8Q"
37,"Eternal Sunshine of the Spotless Mind","Drama, Romance, Sci-Fi",8.3,2004,108,"Michel Gondry","Jim Carrey, Kate Winslet, Kirsten Dunst","A man undergoes a procedure to erase memories of his ex-lover from his mind.","memory, romance, sci-fi",8.6,"https://m.media-amazon.com/images/I/51ugdQYhMHL.jpg","https://www.youtube.com/embed/ROFpWnzZMfQ"
38,"The Imitation Game","Biography, Drama, War",8.0,2014,114,"Morten Tyldum","Benedict Cumberbatch, Keira Knightley, Matthew Goode","The story of Alan Turing and the breaking of the Enigma code.","world war ii, codebreaker, biography",8.2,"https://m.media-amazon.com/images/I/71qhBHEiJ3L.jpg","https://www.youtube.com/embed/x8Q9zwI-rSU"
39,"Prisoners","Crime, Drama, Thriller",8.1,2013,153,"Denis Villeneuve","Hugh Jackman, Jake Gyllenhaal, Paul Dano","When his daughter goes missing, a desperate father takes matters into his own hands.","kidnapping, crime, thriller",8.4,"https://m.media-amazon.com/images/I/51YPD8JT0CL.jpg","https://www.youtube.com/embed/bY2VJ-qLYAo"
40,"Alien","Horror, Sci-Fi",8.5,1979,117,"Ridley Scott","Sigourney Weaver, Tom Skerritt, John Hurt","A crew aboard a space vessel encounters a hostile alien creature.","alien, horror, space, survival",8.7,"https://m.media-amazon.com/images/I/71nArSGa3SL.jpg","https://www.youtube.com/embed/bIvBrthT1W0"